{
    "0": {
        "precision": 0.7929093978615644,
        "recall": 0.9393333333333334,
        "f1-score": 0.8599328654256942,
        "support": 3000.0
    },
    "1": {
        "precision": 0.7980268566730611,
        "recall": 0.9706666666666667,
        "f1-score": 0.8759211911565649,
        "support": 3000.0
    },
    "2": {
        "precision": 0.751749230338651,
        "recall": 0.8953333333333333,
        "f1-score": 0.8172828236726001,
        "support": 3000.0
    },
    "3": {
        "precision": 0.7754704737183648,
        "recall": 0.478,
        "f1-score": 0.5914377629299679,
        "support": 2500.0
    },
    "4": {
        "precision": 0.6155,
        "recall": 0.9848,
        "f1-score": 0.7575384615384615,
        "support": 2500.0
    },
    "5": {
        "precision": 0.8879423328964613,
        "recall": 0.6775,
        "f1-score": 0.7685762904140669,
        "support": 2000.0
    },
    "6": {
        "precision": 0.7485177865612648,
        "recall": 0.606,
        "f1-score": 0.669761273209549,
        "support": 2500.0
    },
    "7": {
        "precision": 0.9426994906621392,
        "recall": 0.7403333333333333,
        "f1-score": 0.8293502613890963,
        "support": 3000.0
    },
    "8": {
        "precision": 0.7513593672763222,
        "recall": 0.608,
        "f1-score": 0.6721202741543224,
        "support": 2500.0
    },
    "9": {
        "precision": 0.9546114742193174,
        "recall": 0.8763333333333333,
        "f1-score": 0.9137990962808481,
        "support": 3000.0
    },
    "accuracy": 0.7893703703703704,
    "macro avg": {
        "precision": 0.8018786410207147,
        "recall": 0.77763,
        "f1-score": 0.775572030017117,
        "support": 27000.0
    },
    "weighted avg": {
        "precision": 0.8045552994054446,
        "recall": 0.7893703703703704,
        "f1-score": 0.7834502120067889,
        "support": 27000.0
    }
}