{
    "0": {
        "precision": 0.0,
        "recall": 0.0,
        "f1-score": 0.0,
        "support": 3000.0
    },
    "1": {
        "precision": 0.4688087506409161,
        "recall": 0.9143333333333333,
        "f1-score": 0.6198169698339171,
        "support": 3000.0
    },
    "2": {
        "precision": 0.0,
        "recall": 0.0,
        "f1-score": 0.0,
        "support": 3000.0
    },
    "3": {
        "precision": 0.16425992779783394,
        "recall": 0.0728,
        "f1-score": 0.1008869179600887,
        "support": 2500.0
    },
    "4": {
        "precision": 0.22493036211699163,
        "recall": 0.7752,
        "f1-score": 0.3486865779057215,
        "support": 2500.0
    },
    "5": {
        "precision": 0.10755765022723447,
        "recall": 0.3195,
        "f1-score": 0.16093690970910465,
        "support": 2000.0
    },
    "6": {
        "precision": 0.0,
        "recall": 0.0,
        "f1-score": 0.0,
        "support": 2500.0
    },
    "7": {
        "precision": 0.16657579062159214,
        "recall": 0.20366666666666666,
        "f1-score": 0.1832633473305339,
        "support": 3000.0
    },
    "8": {
        "precision": 0.2053964757709251,
        "recall": 0.1492,
        "f1-score": 0.17284522706209454,
        "support": 2500.0
    },
    "9": {
        "precision": 0.0,
        "recall": 0.0,
        "f1-score": 0.0,
        "support": 3000.0
    },
    "accuracy": 0.24022222222222223,
    "macro avg": {
        "precision": 0.1337528957175493,
        "recall": 0.24347,
        "f1-score": 0.15864359498014605,
        "support": 27000.0
    },
    "weighted avg": {
        "precision": 0.13361984586875447,
        "recall": 0.24022222222222223,
        "f1-score": 0.1587837621567157,
        "support": 27000.0
    }
}