{
    "0": {
        "precision": 0.7847049044056525,
        "recall": 0.944,
        "f1-score": 0.8570131638674535,
        "support": 3000.0
    },
    "1": {
        "precision": 0.7984135667396062,
        "recall": 0.973,
        "f1-score": 0.8771033653846154,
        "support": 3000.0
    },
    "2": {
        "precision": 0.75,
        "recall": 0.905,
        "f1-score": 0.8202416918429003,
        "support": 3000.0
    },
    "3": {
        "precision": 0.7871951219512195,
        "recall": 0.5164,
        "f1-score": 0.6236714975845411,
        "support": 2500.0
    },
    "4": {
        "precision": 0.6196088264794383,
        "recall": 0.9884,
        "f1-score": 0.7617139334155364,
        "support": 2500.0
    },
    "5": {
        "precision": 0.8631062001227747,
        "recall": 0.703,
        "f1-score": 0.774869109947644,
        "support": 2000.0
    },
    "6": {
        "precision": 0.7556221889055472,
        "recall": 0.6048,
        "f1-score": 0.671850699844479,
        "support": 2500.0
    },
    "7": {
        "precision": 0.9444444444444444,
        "recall": 0.714,
        "f1-score": 0.8132118451025057,
        "support": 3000.0
    },
    "8": {
        "precision": 0.7947740881872618,
        "recall": 0.584,
        "f1-score": 0.6732764583813696,
        "support": 2500.0
    },
    "9": {
        "precision": 0.9680232558139535,
        "recall": 0.888,
        "f1-score": 0.9262865090403338,
        "support": 3000.0
    },
    "accuracy": 0.793037037037037,
    "macro avg": {
        "precision": 0.80658925970499,
        "recall": 0.7820599999999999,
        "f1-score": 0.7799238274411379,
        "support": 27000.0
    },
    "weighted avg": {
        "precision": 0.8094804251209329,
        "recall": 0.793037037037037,
        "f1-score": 0.7873181266175382,
        "support": 27000.0
    }
}