{
    "0": {
        "precision": 0.488347898460258,
        "recall": 0.7823333333333333,
        "f1-score": 0.6013323084806559,
        "support": 3000.0
    },
    "1": {
        "precision": 0.3650522317188984,
        "recall": 0.6406666666666667,
        "f1-score": 0.4650937689050212,
        "support": 3000.0
    },
    "2": {
        "precision": 1.0,
        "recall": 0.0003333333333333333,
        "f1-score": 0.0006664445184938354,
        "support": 3000.0
    },
    "3": {
        "precision": 0.28078817733990147,
        "recall": 0.114,
        "f1-score": 0.16216216216216217,
        "support": 2500.0
    },
    "4": {
        "precision": 0.4934286373068942,
        "recall": 0.856,
        "f1-score": 0.626005557993272,
        "support": 2500.0
    },
    "5": {
        "precision": 0.21549295774647886,
        "recall": 0.306,
        "f1-score": 0.2528925619834711,
        "support": 2000.0
    },
    "6": {
        "precision": 0.3715083798882682,
        "recall": 0.0532,
        "f1-score": 0.09307207837648705,
        "support": 2500.0
    },
    "7": {
        "precision": 0.40010741138560685,
        "recall": 0.49666666666666665,
        "f1-score": 0.44318857822724567,
        "support": 3000.0
    },
    "8": {
        "precision": 0.2691256830601093,
        "recall": 0.0788,
        "f1-score": 0.1219059405940594,
        "support": 2500.0
    },
    "9": {
        "precision": 0.3398776134625191,
        "recall": 0.44433333333333336,
        "f1-score": 0.38514880092458825,
        "support": 3000.0
    },
    "accuracy": 0.3874074074074074,
    "macro avg": {
        "precision": 0.4223728990368934,
        "recall": 0.37723333333333336,
        "f1-score": 0.3151468202165456,
        "support": 27000.0
    },
    "weighted avg": {
        "precision": 0.4351210583171385,
        "recall": 0.3874074074074074,
        "f1-score": 0.3222199694425892,
        "support": 27000.0
    }
}