{
    "0": {
        "precision": 0.7841625788367204,
        "recall": 0.373,
        "f1-score": 0.505534221820646,
        "support": 3000.0
    },
    "1": {
        "precision": 0.6311804008908686,
        "recall": 0.9446666666666667,
        "f1-score": 0.7567423230974633,
        "support": 3000.0
    },
    "2": {
        "precision": 0.7775723967960567,
        "recall": 0.4206666666666667,
        "f1-score": 0.54596582305862,
        "support": 3000.0
    },
    "3": {
        "precision": 0.5552346570397112,
        "recall": 0.3076,
        "f1-score": 0.3958815958815959,
        "support": 2500.0
    },
    "4": {
        "precision": 0.5911684445547011,
        "recall": 0.9532,
        "f1-score": 0.729750421068749,
        "support": 2500.0
    },
    "5": {
        "precision": 0.628482972136223,
        "recall": 0.609,
        "f1-score": 0.6185881157948198,
        "support": 2000.0
    },
    "6": {
        "precision": 0.26964856230031947,
        "recall": 0.5064,
        "f1-score": 0.3519110493398193,
        "support": 2500.0
    },
    "7": {
        "precision": 0.8118939883645766,
        "recall": 0.8373333333333334,
        "f1-score": 0.8244174597965211,
        "support": 3000.0
    },
    "8": {
        "precision": 0.6015439429928741,
        "recall": 0.4052,
        "f1-score": 0.48422562141491393,
        "support": 2500.0
    },
    "9": {
        "precision": 0.9285985567793391,
        "recall": 0.815,
        "f1-score": 0.8680987040653293,
        "support": 3000.0
    },
    "accuracy": 0.623,
    "macro avg": {
        "precision": 0.657948650069139,
        "recall": 0.6172066666666666,
        "f1-score": 0.6081115335338477,
        "support": 27000.0
    },
    "weighted avg": {
        "precision": 0.6704140269071905,
        "recall": 0.623,
        "f1-score": 0.6164397609765953,
        "support": 27000.0
    }
}