{
    "total_seconds": 86.31211018562317,
    "total_minutes": 1.438535169760386,
    "total_hours": 0.0239755861626731
}