{
    "zero_shot": {},
    "linear_probe": {
        "cifar100": {
            "accuracy": 7.739999999999999,
            "num_samples": 10000
        },
        "food101": {
            "accuracy": 6.364356435643565,
            "num_samples": 25250
        },
        "flowers102": {
            "accuracy": 9.952837859814604,
            "num_samples": 6149
        },
        "dtd": {
            "accuracy": 10.106382978723403,
            "num_samples": 1880
        },
        "eurosat": {
            "accuracy": 45.82592592592592,
            "num_samples": 27000
        }
    },
    "few_shot": {
        "cifar100": {
            "1-shot": 3.7800000000000002,
            "2-shot": 4.24,
            "4-shot": 4.19,
            "8-shot": 3.94,
            "16-shot": 5.17
        },
        "food101": {
            "1-shot": 2.2297029702970295,
            "2-shot": 2.4475247524752475,
            "4-shot": 2.978217821782178,
            "8-shot": 3.2475247524752477,
            "16-shot": 4.023762376237624
        },
        "flowers102": {
            "1-shot": 6.976744186046512,
            "2-shot": 9.676370141486421,
            "4-shot": 9.155960318751017,
            "8-shot": 9.90404943893316,
            "16-shot": 9.952837859814604
        },
        "dtd": {
            "1-shot": 4.73404255319149,
            "2-shot": 5.638297872340425,
            "4-shot": 7.180851063829788,
            "8-shot": 8.617021276595745,
            "16-shot": 8.404255319148936
        },
        "eurosat": {
            "1-shot": 38.262962962962966,
            "2-shot": 41.859259259259254,
            "4-shot": 38.233333333333334,
            "8-shot": 38.32592592592592,
            "16-shot": 38.74074074074074
        }
    }
}