{
    "total_seconds": 175.24400186538696,
    "total_minutes": 2.920733364423116,
    "total_hours": 0.04867888940705194
}