{
    "zero_shot": {},
    "linear_probe": {
        "cifar100": {
            "accuracy": 1.0,
            "num_samples": 10000
        },
        "food101": {
            "accuracy": 0.9900990099009901,
            "num_samples": 25250
        },
        "flowers102": {
            "accuracy": 0.3252561392096276,
            "num_samples": 6149
        },
        "dtd": {
            "accuracy": 4.202127659574468,
            "num_samples": 1880
        },
        "eurosat": {
            "accuracy": 20.61851851851852,
            "num_samples": 27000
        }
    },
    "few_shot": {
        "cifar100": {
            "1-shot": 1.63,
            "2-shot": 1.0,
            "4-shot": 1.0,
            "8-shot": 1.0,
            "16-shot": 1.0
        },
        "food101": {
            "1-shot": 0.9900990099009901,
            "2-shot": 0.9900990099009901,
            "4-shot": 0.9900990099009901,
            "8-shot": 0.9900990099009901,
            "16-shot": 0.9900990099009901
        },
        "flowers102": {
            "1-shot": 0.3252561392096276,
            "2-shot": 0.3252561392096276,
            "4-shot": 0.3252561392096276,
            "8-shot": 0.3252561392096276,
            "16-shot": 0.3252561392096276
        },
        "dtd": {
            "1-shot": 3.1914893617021276,
            "2-shot": 3.6702127659574466,
            "4-shot": 3.404255319148936,
            "8-shot": 4.095744680851063,
            "16-shot": 2.127659574468085
        },
        "eurosat": {
            "1-shot": 20.55925925925926,
            "2-shot": 25.74074074074074,
            "4-shot": 24.081481481481482,
            "8-shot": 26.011111111111113,
            "16-shot": 24.022222222222222
        }
    }
}