{
    "total_seconds": 253.5524504184723,
    "total_minutes": 4.225874173641205,
    "total_hours": 0.07043123622735341
}