{
    "zero_shot": {},
    "linear_probe": {
        "cifar100": {
            "accuracy": 66.35,
            "num_samples": 10000
        },
        "food101": {
            "accuracy": 63.904950495049505,
            "num_samples": 25250
        },
        "flowers102": {
            "accuracy": 61.01805171572613,
            "num_samples": 6149
        },
        "dtd": {
            "accuracy": 63.45744680851064,
            "num_samples": 1880
        },
        "eurosat": {
            "accuracy": 93.87777777777778,
            "num_samples": 27000
        }
    },
    "few_shot": {
        "cifar100": {
            "1-shot": 24.7,
            "2-shot": 30.659999999999997,
            "4-shot": 36.99,
            "8-shot": 43.08,
            "16-shot": 46.92
        },
        "food101": {
            "1-shot": 17.82178217821782,
            "2-shot": 22.697029702970298,
            "4-shot": 29.029702970297027,
            "8-shot": 32.419801980198024,
            "16-shot": 38.26930693069307
        },
        "flowers102": {
            "1-shot": 37.58334688567247,
            "2-shot": 45.81232720767605,
            "4-shot": 51.73198894129126,
            "8-shot": 59.11530330134981,
            "16-shot": 61.01805171572613
        },
        "dtd": {
            "1-shot": 36.43617021276596,
            "2-shot": 43.03191489361702,
            "4-shot": 46.59574468085106,
            "8-shot": 53.404255319148945,
            "16-shot": 55.90425531914893
        },
        "eurosat": {
            "1-shot": 52.403703703703705,
            "2-shot": 63.11111111111111,
            "4-shot": 68.92962962962963,
            "8-shot": 75.11851851851851,
            "16-shot": 78.93703703703704
        }
    }
}