{
    "total_seconds": 119.25042843818665,
    "total_minutes": 1.9875071406364442,
    "total_hours": 0.0331251190106074
}