{
    "total_seconds": 141.6805260181427,
    "total_minutes": 2.3613421003023785,
    "total_hours": 0.03935570167170631
}