{
    "zero_shot": {},
    "linear_probe": {
        "cifar100": {
            "accuracy": 68.17999999999999,
            "num_samples": 10000
        },
        "food101": {
            "accuracy": 63.53663366336634,
            "num_samples": 25250
        },
        "flowers102": {
            "accuracy": 60.80663522523988,
            "num_samples": 6149
        },
        "dtd": {
            "accuracy": 62.76595744680851,
            "num_samples": 1880
        },
        "eurosat": {
            "accuracy": 93.85925925925926,
            "num_samples": 27000
        }
    },
    "few_shot": {
        "cifar100": {
            "1-shot": 26.63,
            "2-shot": 33.15,
            "4-shot": 40.03,
            "8-shot": 45.22,
            "16-shot": 49.41
        },
        "food101": {
            "1-shot": 17.948514851485147,
            "2-shot": 22.704950495049506,
            "4-shot": 28.689108910891086,
            "8-shot": 32.06336633663366,
            "16-shot": 38.01980198019802
        },
        "flowers102": {
            "1-shot": 36.99788583509514,
            "2-shot": 46.49536510001626,
            "4-shot": 51.699463327370296,
            "8-shot": 58.952675231745,
            "16-shot": 60.80663522523988
        },
        "dtd": {
            "1-shot": 35.74468085106383,
            "2-shot": 43.138297872340424,
            "4-shot": 45.95744680851064,
            "8-shot": 52.819148936170215,
            "16-shot": 55.425531914893625
        },
        "eurosat": {
            "1-shot": 52.18888888888888,
            "2-shot": 63.41481481481481,
            "4-shot": 67.61481481481482,
            "8-shot": 73.9148148148148,
            "16-shot": 79.3037037037037
        }
    }
}