{
    "zero_shot": {},
    "linear_probe": {
        "cifar100": {
            "accuracy": 53.28000000000001,
            "num_samples": 10000
        },
        "food101": {
            "accuracy": 54.53465346534654,
            "num_samples": 25250
        },
        "flowers102": {
            "accuracy": 49.211253862416655,
            "num_samples": 6149
        },
        "dtd": {
            "accuracy": 54.57446808510639,
            "num_samples": 1880
        },
        "eurosat": {
            "accuracy": 86.58888888888889,
            "num_samples": 27000
        }
    },
    "few_shot": {
        "cifar100": {
            "1-shot": 15.939999999999998,
            "2-shot": 16.900000000000002,
            "4-shot": 21.47,
            "8-shot": 25.5,
            "16-shot": 31.290000000000003
        },
        "food101": {
            "1-shot": 11.544554455445546,
            "2-shot": 16.13861386138614,
            "4-shot": 20.281188118811883,
            "8-shot": 23.28712871287129,
            "16-shot": 27.695049504950497
        },
        "flowers102": {
            "1-shot": 26.248170434216945,
            "2-shot": 33.50138233859164,
            "4-shot": 39.843877053179376,
            "8-shot": 47.601235973329,
            "16-shot": 49.211253862416655
        },
        "dtd": {
            "1-shot": 25.319148936170212,
            "2-shot": 32.97872340425532,
            "4-shot": 39.04255319148936,
            "8-shot": 43.138297872340424,
            "16-shot": 48.351063829787236
        },
        "eurosat": {
            "1-shot": 43.63333333333333,
            "2-shot": 44.94814814814815,
            "4-shot": 55.17037037037037,
            "8-shot": 56.58888888888889,
            "16-shot": 62.3
        }
    }
}