{
    "total_seconds": 128.5019886493683,
    "total_minutes": 2.141699810822805,
    "total_hours": 0.035694996847046745
}