{
    "total_seconds": 118.26313328742981,
    "total_minutes": 1.9710522214571635,
    "total_hours": 0.03285087035761939
}