{
    "total_seconds": 26.15487289428711,
    "total_minutes": 0.4359145482381185,
    "total_hours": 0.007265242470635308
}