{
    "total_seconds": 37.71546173095703,
    "total_minutes": 0.6285910288492839,
    "total_hours": 0.010476517147488065
}