{
    "total_seconds": 26.43720531463623,
    "total_minutes": 0.44062008857727053,
    "total_hours": 0.007343668142954509
}