{
    "total_seconds": 49.30715823173523,
    "total_minutes": 0.8217859705289204,
    "total_hours": 0.013696432842148675
}