{
    "total_seconds": 49.768062114715576,
    "total_minutes": 0.8294677019119263,
    "total_hours": 0.013824461698532105
}