{
    "total_seconds": 25.32675814628601,
    "total_minutes": 0.4221126357714335,
    "total_hours": 0.007035210596190559
}