{
    "total_seconds": 34.502506732940674,
    "total_minutes": 0.5750417788823445,
    "total_hours": 0.009584029648039076
}