{
    "average_ms": 12.779667377471924,
    "median_ms": 12.649178504943848,
    "std_ms": 0.39894514613705556,
    "min_ms": 12.49074935913086,
    "max_ms": 15.541315078735352,
    "p95_ms": 13.174581527709961,
    "p99_ms": 14.813148975372318,
    "total_inference_time_s": 1.2779667377471924,
    "samples_measured": 100,
    "throughput_samples_per_second": 78.24929792482754
}