{
    "average_ms": 26.629555225372314,
    "median_ms": 27.640223503112793,
    "std_ms": 3.9604888005073673,
    "min_ms": 13.187170028686523,
    "max_ms": 33.15019607543945,
    "p95_ms": 29.734909534454346,
    "p99_ms": 32.86435842514038,
    "total_inference_time_s": 2.6629555225372314,
    "samples_measured": 100,
    "throughput_samples_per_second": 37.55226069443369
}