{
    "average_ms": 13.23631763458252,
    "median_ms": 13.018965721130371,
    "std_ms": 0.5759176917236026,
    "min_ms": 12.903690338134766,
    "max_ms": 17.11750030517578,
    "p95_ms": 14.2281174659729,
    "p99_ms": 14.599013328552259,
    "total_inference_time_s": 1.323631763458252,
    "samples_measured": 100,
    "throughput_samples_per_second": 75.5497131156252
}