{
    "average_ms": 13.353261947631836,
    "median_ms": 13.235688209533691,
    "std_ms": 1.1779097388325879,
    "min_ms": 13.099431991577148,
    "max_ms": 25.052309036254883,
    "p95_ms": 13.319242000579834,
    "p99_ms": 13.775765895843564,
    "total_inference_time_s": 1.3353261947631836,
    "samples_measured": 100,
    "throughput_samples_per_second": 74.88806884203655
}