{
    "average_ms": 26.55766725540161,
    "median_ms": 26.772499084472656,
    "std_ms": 3.759670382794355,
    "min_ms": 13.265848159790039,
    "max_ms": 31.66055679321289,
    "p95_ms": 29.734432697296143,
    "p99_ms": 31.265199184417728,
    "total_inference_time_s": 2.655766725540161,
    "samples_measured": 100,
    "throughput_samples_per_second": 37.653909523872365
}