{
    "average_ms": 13.244540691375732,
    "median_ms": 13.055920600891113,
    "std_ms": 0.7605312357479581,
    "min_ms": 12.896299362182617,
    "max_ms": 18.668174743652344,
    "p95_ms": 13.772857189178467,
    "p99_ms": 16.68973445892335,
    "total_inference_time_s": 1.3244540691375732,
    "samples_measured": 100,
    "throughput_samples_per_second": 75.50280702834462
}