{
    "average_ms": 8.300478458404541,
    "median_ms": 8.314967155456543,
    "std_ms": 0.9178766676580541,
    "min_ms": 7.012367248535156,
    "max_ms": 14.872550964355469,
    "p95_ms": 9.504926204681396,
    "p99_ms": 10.005049705505396,
    "total_inference_time_s": 0.8300478458404541,
    "samples_measured": 100,
    "throughput_samples_per_second": 120.47498285926676
}