{
    "inference_peak_gpu_mb": 3342.796875,
    "inference_current_gpu_mb": 3180.54638671875
}