{
    "epochs": [
        1,
        2,
        3
    ],
    "train_loss": [
        3.915240629662814,
        3.8796981447478607,
        3.8665301568432415
    ],
    "val_loss": [
        4.024162559557443,
        3.945997612404101,
        3.927576684951782
    ],
    "train_accuracy": [],
    "val_accuracy": []
}