{
    "total_seconds": 178106.42680573463,
    "total_hours": 49.4740074460374
}