{
    "epochs": [
        1,
        2,
        3
    ],
    "train_loss": [
        0.3960049377496789,
        0.3447242759353662,
        0.34587534062361613
    ],
    "val_loss": [
        0.3524940665171604,
        0.35517199942559907,
        0.3770235347777906
    ],
    "train_accuracy": [],
    "val_accuracy": []
}