{
    "total_seconds": 180053.87152838707,
    "total_hours": 50.01496431344085
}