{
    "0": {
        "precision": 0.7246289003332324,
        "recall": 0.7973333333333333,
        "f1-score": 0.7592445643548643,
        "support": 3000.0
    },
    "1": {
        "precision": 0.7565293093441672,
        "recall": 0.869,
        "f1-score": 0.8088737201365188,
        "support": 3000.0
    },
    "2": {
        "precision": 0.7876889052709178,
        "recall": 0.7123333333333334,
        "f1-score": 0.7481183266234903,
        "support": 3000.0
    },
    "3": {
        "precision": 0.7922705314009661,
        "recall": 0.656,
        "f1-score": 0.7177242888402626,
        "support": 2500.0
    },
    "4": {
        "precision": 0.6328817092235539,
        "recall": 0.9716,
        "f1-score": 0.7664878510571158,
        "support": 2500.0
    },
    "5": {
        "precision": 0.6541510221109721,
        "recall": 0.784,
        "f1-score": 0.7132135546963839,
        "support": 2000.0
    },
    "6": {
        "precision": 0.7134292565947242,
        "recall": 0.476,
        "f1-score": 0.5710172744721689,
        "support": 2500.0
    },
    "7": {
        "precision": 0.9453621346886912,
        "recall": 0.744,
        "f1-score": 0.8326804700615557,
        "support": 3000.0
    },
    "8": {
        "precision": 0.8740320082601962,
        "recall": 0.6772,
        "f1-score": 0.7631282398016678,
        "support": 2500.0
    },
    "9": {
        "precision": 0.815845824411135,
        "recall": 0.889,
        "f1-score": 0.8508534056468336,
        "support": 3000.0
    },
    "accuracy": 0.7612962962962962,
    "macro avg": {
        "precision": 0.7696819601638556,
        "recall": 0.7576466666666667,
        "f1-score": 0.7531341695690861,
        "support": 27000.0
    },
    "weighted avg": {
        "precision": 0.7751852233357399,
        "recall": 0.7612962962962962,
        "f1-score": 0.7582086187144663,
        "support": 27000.0
    }
}