{
    "0": {
        "precision": 0.7430488974113135,
        "recall": 0.775,
        "f1-score": 0.7586882036221243,
        "support": 3000.0
    },
    "1": {
        "precision": 0.7348189415041783,
        "recall": 0.8793333333333333,
        "f1-score": 0.8006069802731411,
        "support": 3000.0
    },
    "2": {
        "precision": 0.7938797045374605,
        "recall": 0.7523333333333333,
        "f1-score": 0.7725483484511381,
        "support": 3000.0
    },
    "3": {
        "precision": 0.7431718061674009,
        "recall": 0.6748,
        "f1-score": 0.7073375262054508,
        "support": 2500.0
    },
    "4": {
        "precision": 0.6662068965517242,
        "recall": 0.966,
        "f1-score": 0.7885714285714286,
        "support": 2500.0
    },
    "5": {
        "precision": 0.6906028368794326,
        "recall": 0.779,
        "f1-score": 0.7321428571428571,
        "support": 2000.0
    },
    "6": {
        "precision": 0.6988396624472574,
        "recall": 0.53,
        "f1-score": 0.6028207461328481,
        "support": 2500.0
    },
    "7": {
        "precision": 0.9505882352941176,
        "recall": 0.808,
        "f1-score": 0.8735135135135135,
        "support": 3000.0
    },
    "8": {
        "precision": 0.8897590361445783,
        "recall": 0.5908,
        "f1-score": 0.7100961538461539,
        "support": 2500.0
    },
    "9": {
        "precision": 0.8440741905061302,
        "recall": 0.895,
        "f1-score": 0.86879145769293,
        "support": 3000.0
    },
    "accuracy": 0.7700370370370371,
    "macro avg": {
        "precision": 0.7754990207443593,
        "recall": 0.7650266666666667,
        "f1-score": 0.7615117215451584,
        "support": 27000.0
    },
    "weighted avg": {
        "precision": 0.7805695957331802,
        "recall": 0.7700370370370371,
        "f1-score": 0.7669924393271836,
        "support": 27000.0
    }
}