{
    "0": {
        "precision": 0.7253414264036419,
        "recall": 0.7966666666666666,
        "f1-score": 0.7593328038125496,
        "support": 3000.0
    },
    "1": {
        "precision": 0.7567410843722818,
        "recall": 0.87,
        "f1-score": 0.8094278182663979,
        "support": 3000.0
    },
    "2": {
        "precision": 0.7887168141592921,
        "recall": 0.713,
        "f1-score": 0.7489495798319328,
        "support": 3000.0
    },
    "3": {
        "precision": 0.7922705314009661,
        "recall": 0.656,
        "f1-score": 0.7177242888402626,
        "support": 2500.0
    },
    "4": {
        "precision": 0.6322228006246746,
        "recall": 0.9716,
        "f1-score": 0.7660044150110376,
        "support": 2500.0
    },
    "5": {
        "precision": 0.6538782318598833,
        "recall": 0.784,
        "f1-score": 0.7130513869940882,
        "support": 2000.0
    },
    "6": {
        "precision": 0.7139437462597247,
        "recall": 0.4772,
        "f1-score": 0.5720450731239511,
        "support": 2500.0
    },
    "7": {
        "precision": 0.9448685326547922,
        "recall": 0.7426666666666667,
        "f1-score": 0.8316536020903322,
        "support": 3000.0
    },
    "8": {
        "precision": 0.8736462093862816,
        "recall": 0.6776,
        "f1-score": 0.7632349628294661,
        "support": 2500.0
    },
    "9": {
        "precision": 0.816595223515003,
        "recall": 0.889,
        "f1-score": 0.8512607724225981,
        "support": 3000.0
    },
    "accuracy": 0.7614074074074074,
    "macro avg": {
        "precision": 0.7698224600636542,
        "recall": 0.7577733333333334,
        "f1-score": 0.7532684703222616,
        "support": 27000.0
    },
    "weighted avg": {
        "precision": 0.7753612565264414,
        "recall": 0.7614074074074074,
        "f1-score": 0.7583517908433851,
        "support": 27000.0
    }
}