{
    "total_seconds": 59.240999937057495,
    "total_minutes": 0.9873499989509582,
    "total_hours": 0.016455833315849305
}