{
    "total_seconds": 84.61362767219543,
    "total_minutes": 1.4102271278699239,
    "total_hours": 0.02350378546449873
}