{
    "total_seconds": 51.13819932937622,
    "total_minutes": 0.8523033221562704,
    "total_hours": 0.014205055369271172
}