{
    "zero_shot": {
        "cifar100": {
            "top1": 59.599999999999994,
            "top5": 85.03000140190125,
            "num_samples": 10000
        },
        "food101": {
            "top1": 77.72673267326734,
            "top5": 95.50495147705078,
            "num_samples": 25250
        },
        "flowers102": {
            "top1": 58.432265409009595,
            "top5": 82.25727677345276,
            "num_samples": 6149
        },
        "dtd": {
            "top1": 41.48936170212766,
            "top5": 75.10638236999512,
            "num_samples": 1880
        },
        "eurosat": {
            "top1": 53.22592592592592,
            "top5": 91.79259538650513,
            "num_samples": 27000
        }
    },
    "linear_probe": {
        "cifar100": {
            "accuracy": 69.57,
            "num_samples": 10000
        },
        "food101": {
            "accuracy": 84.11881188118812,
            "num_samples": 25250
        },
        "flowers102": {
            "accuracy": 83.54203935599284,
            "num_samples": 6149
        },
        "dtd": {
            "accuracy": 61.11702127659574,
            "num_samples": 1880
        },
        "eurosat": {
            "accuracy": 91.47777777777777,
            "num_samples": 27000
        }
    },
    "few_shot": {
        "cifar100": {
            "1-shot": 32.879999999999995,
            "2-shot": 37.04,
            "4-shot": 44.66,
            "8-shot": 48.99,
            "16-shot": 53.14
        },
        "food101": {
            "1-shot": 38.74059405940594,
            "2-shot": 47.31881188118812,
            "4-shot": 56.28910891089108,
            "8-shot": 60.41980198019802,
            "16-shot": 67.0970297029703
        },
        "flowers102": {
            "1-shot": 64.2868759147829,
            "2-shot": 71.94665799316962,
            "4-shot": 78.02894779638966,
            "8-shot": 83.13546918198081,
            "16-shot": 83.54203935599284
        },
        "dtd": {
            "1-shot": 40.0531914893617,
            "2-shot": 44.62765957446809,
            "4-shot": 48.61702127659574,
            "8-shot": 53.297872340425535,
            "16-shot": 56.80851063829787
        },
        "eurosat": {
            "1-shot": 65.44814814814815,
            "2-shot": 58.666666666666664,
            "4-shot": 73.59629629629629,
            "8-shot": 71.23703703703703,
            "16-shot": 77.0037037037037
        }
    }
}