{
    "total_seconds": 82.28905606269836,
    "total_minutes": 1.3714842677116394,
    "total_hours": 0.022858071128527325
}