{
    "zero_shot": {
        "cifar100": {
            "top1": 59.07,
            "top5": 84.03000235557556,
            "num_samples": 10000
        },
        "food101": {
            "top1": 77.87722772277228,
            "top5": 95.50495147705078,
            "num_samples": 25250
        },
        "flowers102": {
            "top1": 58.75752154821923,
            "top5": 82.25727677345276,
            "num_samples": 6149
        },
        "dtd": {
            "top1": 41.329787234042556,
            "top5": 74.62766170501709,
            "num_samples": 1880
        },
        "eurosat": {
            "top1": 52.24444444444445,
            "top5": 90.44073820114136,
            "num_samples": 27000
        }
    },
    "linear_probe": {
        "cifar100": {
            "accuracy": 68.65,
            "num_samples": 10000
        },
        "food101": {
            "accuracy": 84.21386138613862,
            "num_samples": 25250
        },
        "flowers102": {
            "accuracy": 83.21678321678321,
            "num_samples": 6149
        },
        "dtd": {
            "accuracy": 61.38297872340426,
            "num_samples": 1880
        },
        "eurosat": {
            "accuracy": 91.34814814814814,
            "num_samples": 27000
        }
    },
    "few_shot": {
        "cifar100": {
            "1-shot": 31.540000000000003,
            "2-shot": 35.79,
            "4-shot": 43.269999999999996,
            "8-shot": 47.97,
            "16-shot": 52.05
        },
        "food101": {
            "1-shot": 38.526732673267325,
            "2-shot": 47.82970297029703,
            "4-shot": 56.14257425742575,
            "8-shot": 60.6019801980198,
            "16-shot": 67.2
        },
        "flowers102": {
            "1-shot": 63.538786794600746,
            "2-shot": 71.32867132867133,
            "4-shot": 77.6386404293381,
            "8-shot": 82.84273865669215,
            "16-shot": 83.21678321678321
        },
        "dtd": {
            "1-shot": 39.787234042553195,
            "2-shot": 43.351063829787236,
            "4-shot": 47.87234042553192,
            "8-shot": 53.351063829787236,
            "16-shot": 57.02127659574469
        },
        "eurosat": {
            "1-shot": 64.38148148148149,
            "2-shot": 58.351851851851855,
            "4-shot": 73.89259259259259,
            "8-shot": 70.24814814814815,
            "16-shot": 76.14074074074074
        }
    }
}