{
    "zero_shot": {
        "cifar100": {
            "top1": 59.07,
            "top5": 84.09000039100647,
            "num_samples": 10000
        },
        "food101": {
            "top1": 77.8891089108911,
            "top5": 95.4851508140564,
            "num_samples": 25250
        },
        "flowers102": {
            "top1": 58.692470320377296,
            "top5": 82.25727677345276,
            "num_samples": 6149
        },
        "dtd": {
            "top1": 41.22340425531915,
            "top5": 74.68085289001465,
            "num_samples": 1880
        },
        "eurosat": {
            "top1": 52.2962962962963,
            "top5": 90.46666622161865,
            "num_samples": 27000
        }
    },
    "linear_probe": {
        "cifar100": {
            "accuracy": 68.66,
            "num_samples": 10000
        },
        "food101": {
            "accuracy": 84.19405940594059,
            "num_samples": 25250
        },
        "flowers102": {
            "accuracy": 83.16799479590176,
            "num_samples": 6149
        },
        "dtd": {
            "accuracy": 61.38297872340426,
            "num_samples": 1880
        },
        "eurosat": {
            "accuracy": 91.36666666666666,
            "num_samples": 27000
        }
    },
    "few_shot": {
        "cifar100": {
            "1-shot": 31.59,
            "2-shot": 35.809999999999995,
            "4-shot": 43.37,
            "8-shot": 47.96,
            "16-shot": 52.03
        },
        "food101": {
            "1-shot": 38.48316831683169,
            "2-shot": 47.8019801980198,
            "4-shot": 56.11089108910892,
            "8-shot": 60.61386138613861,
            "16-shot": 67.1841584158416
        },
        "flowers102": {
            "1-shot": 63.5875752154822,
            "2-shot": 71.31240852171085,
            "4-shot": 77.60611481541714,
            "8-shot": 82.85900146365263,
            "16-shot": 83.16799479590176
        },
        "dtd": {
            "1-shot": 39.84042553191489,
            "2-shot": 43.24468085106383,
            "4-shot": 47.819148936170215,
            "8-shot": 53.297872340425535,
            "16-shot": 57.12765957446808
        },
        "eurosat": {
            "1-shot": 64.46666666666667,
            "2-shot": 58.340740740740735,
            "4-shot": 73.86666666666667,
            "8-shot": 70.32222222222222,
            "16-shot": 76.12962962962962
        }
    }
}