{
    "total_seconds": 22.645898580551147,
    "total_minutes": 0.3774316430091858,
    "total_hours": 0.00629052738348643
}