{
    "total_seconds": 23.959126710891724,
    "total_minutes": 0.3993187785148621,
    "total_hours": 0.006655312975247701
}