{
    "total_seconds": 30.501545667648315,
    "total_minutes": 0.5083590944608053,
    "total_hours": 0.008472651574346754
}