{
    "total_seconds": 21.60220217704773,
    "total_minutes": 0.3600367029507955,
    "total_hours": 0.0060006117158465915
}