{
    "average_ms": 63.053996562957764,
    "median_ms": 62.89327144622803,
    "std_ms": 1.2565763593511547,
    "min_ms": 61.2637996673584,
    "max_ms": 67.65413284301758,
    "p95_ms": 66.45015478134155,
    "p99_ms": 67.58119821548462,
    "total_inference_time_s": 6.305399656295776,
    "samples_measured": 100,
    "throughput_samples_per_second": 15.859422947148579
}