{
    "average_ms": 19.92445707321167,
    "median_ms": 18.560171127319336,
    "std_ms": 2.9189062660760685,
    "min_ms": 17.88949966430664,
    "max_ms": 35.9194278717041,
    "p95_ms": 24.553167819976807,
    "p99_ms": 32.1591639518738,
    "total_inference_time_s": 1.992445707321167,
    "samples_measured": 100,
    "throughput_samples_per_second": 50.18957336330609
}