{
    "average_ms": 20.497395992279053,
    "median_ms": 19.092202186584473,
    "std_ms": 3.5421012998514296,
    "min_ms": 18.463134765625,
    "max_ms": 45.08638381958008,
    "p95_ms": 25.55141448974609,
    "p99_ms": 31.785373687744208,
    "total_inference_time_s": 2.0497395992279053,
    "samples_measured": 100,
    "throughput_samples_per_second": 48.786684922156915
}