{
    "average_ms": 36.660778522491455,
    "median_ms": 38.38622570037842,
    "std_ms": 4.581472192030382,
    "min_ms": 18.4783935546875,
    "max_ms": 40.453195571899414,
    "p95_ms": 39.188432693481445,
    "p99_ms": 39.56830263137818,
    "total_inference_time_s": 3.6660778522491455,
    "samples_measured": 100,
    "throughput_samples_per_second": 27.277107587513402
}