{
    "epochs": [
        1,
        2,
        3
    ],
    "train_loss": [
        0.19262288599805746,
        0.14926291774785144,
        0.1316372581281373
    ],
    "val_loss": [],
    "train_accuracy": [],
    "val_accuracy": []
}