{
    "epochs": [
        1,
        2,
        3
    ],
    "train_loss": [
        0.19256179744199223,
        0.14917127034466876,
        0.13152150548648678
    ],
    "val_loss": [],
    "train_accuracy": [],
    "val_accuracy": []
}