{
    "total_seconds": 43275.91959452629,
    "total_hours": 12.021088776257303
}