{
    "total_seconds": 50686.549131155014,
    "total_hours": 14.079596980876392
}