{
    "0": {
        "precision": 0.6617735170760934,
        "recall": 0.7363333333333333,
        "f1-score": 0.6970653202903124,
        "support": 3000.0
    },
    "1": {
        "precision": 0.6185897435897436,
        "recall": 0.5146666666666667,
        "f1-score": 0.5618631732168851,
        "support": 3000.0
    },
    "2": {
        "precision": 0.8300122000813339,
        "recall": 0.6803333333333333,
        "f1-score": 0.7477559992672651,
        "support": 3000.0
    },
    "3": {
        "precision": 0.8442694663167104,
        "recall": 0.386,
        "f1-score": 0.5297831457589899,
        "support": 2500.0
    },
    "4": {
        "precision": 0.6742017519073185,
        "recall": 0.9544,
        "f1-score": 0.7901970524921345,
        "support": 2500.0
    },
    "5": {
        "precision": 0.6807785888077859,
        "recall": 0.6995,
        "f1-score": 0.6900123304562269,
        "support": 2000.0
    },
    "6": {
        "precision": 0.5561440677966102,
        "recall": 0.63,
        "f1-score": 0.5907726931732933,
        "support": 2500.0
    },
    "7": {
        "precision": 0.927076064200977,
        "recall": 0.8856666666666667,
        "f1-score": 0.9058983975451755,
        "support": 3000.0
    },
    "8": {
        "precision": 0.8652618135376756,
        "recall": 0.542,
        "f1-score": 0.6665027053615347,
        "support": 2500.0
    },
    "9": {
        "precision": 0.5992350191245219,
        "recall": 0.94,
        "f1-score": 0.7318972229431612,
        "support": 3000.0
    },
    "accuracy": 0.7018888888888889,
    "macro avg": {
        "precision": 0.725734223243877,
        "recall": 0.69689,
        "f1-score": 0.6911748040504978,
        "support": 27000.0
    },
    "weighted avg": {
        "precision": 0.7267151688418284,
        "recall": 0.7018888888888889,
        "f1-score": 0.6946890367653975,
        "support": 27000.0
    }
}