{
    "0": {
        "precision": 0.6619633743620534,
        "recall": 0.735,
        "f1-score": 0.6965724214184174,
        "support": 3000.0
    },
    "1": {
        "precision": 0.6164602477027566,
        "recall": 0.5143333333333333,
        "f1-score": 0.5607850263492641,
        "support": 3000.0
    },
    "2": {
        "precision": 0.829605530703538,
        "recall": 0.68,
        "f1-score": 0.7473896318006961,
        "support": 3000.0
    },
    "3": {
        "precision": 0.8421052631578947,
        "recall": 0.384,
        "f1-score": 0.5274725274725275,
        "support": 2500.0
    },
    "4": {
        "precision": 0.6742017519073185,
        "recall": 0.9544,
        "f1-score": 0.7901970524921345,
        "support": 2500.0
    },
    "5": {
        "precision": 0.6796494644595911,
        "recall": 0.698,
        "f1-score": 0.6887025160335472,
        "support": 2000.0
    },
    "6": {
        "precision": 0.5548114205146282,
        "recall": 0.6296,
        "f1-score": 0.5898444819186809,
        "support": 2500.0
    },
    "7": {
        "precision": 0.9267271458478716,
        "recall": 0.8853333333333333,
        "f1-score": 0.9055574497101944,
        "support": 3000.0
    },
    "8": {
        "precision": 0.8651757188498402,
        "recall": 0.5416,
        "f1-score": 0.6661746617466174,
        "support": 2500.0
    },
    "9": {
        "precision": 0.5990225244368891,
        "recall": 0.9396666666666667,
        "f1-score": 0.7316376849208409,
        "support": 3000.0
    },
    "accuracy": 0.7012222222222222,
    "macro avg": {
        "precision": 0.7249722441942381,
        "recall": 0.6961933333333333,
        "f1-score": 0.690433345386292,
        "support": 27000.0
    },
    "weighted avg": {
        "precision": 0.7259766957093597,
        "recall": 0.7012222222222222,
        "f1-score": 0.6939797586570456,
        "support": 27000.0
    }
}