{
    "zero_shot": {
        "cifar100": {
            "top1": 65.03999999999999,
            "top5": 89.24000263214111,
            "num_samples": 10000
        },
        "food101": {
            "top1": 84.01980198019801,
            "top5": 97.30693101882935,
            "num_samples": 25250
        },
        "flowers102": {
            "top1": 66.40104081964547,
            "top5": 85.57488918304443,
            "num_samples": 6149
        },
        "dtd": {
            "top1": 44.20212765957447,
            "top5": 77.07446813583374,
            "num_samples": 1880
        },
        "eurosat": {
            "top1": 46.11851851851852,
            "top5": 91.90370440483093,
            "num_samples": 27000
        }
    },
    "linear_probe": {
        "cifar100": {
            "accuracy": 72.39,
            "num_samples": 10000
        },
        "food101": {
            "accuracy": 86.0079207920792,
            "num_samples": 25250
        },
        "flowers102": {
            "accuracy": 82.7126362010083,
            "num_samples": 6149
        },
        "dtd": {
            "accuracy": 60.31914893617021,
            "num_samples": 1880
        },
        "eurosat": {
            "accuracy": 90.45925925925926,
            "num_samples": 27000
        }
    },
    "few_shot": {
        "cifar100": {
            "1-shot": 33.57,
            "2-shot": 37.26,
            "4-shot": 46.239999999999995,
            "8-shot": 50.99,
            "16-shot": 56.230000000000004
        },
        "food101": {
            "1-shot": 40.08712871287129,
            "2-shot": 49.35841584158416,
            "4-shot": 58.65346534653465,
            "8-shot": 64.03564356435643,
            "16-shot": 70.66138613861386
        },
        "flowers102": {
            "1-shot": 62.7093836396162,
            "2-shot": 68.33631484794276,
            "4-shot": 77.83379411286388,
            "8-shot": 82.20848918523338,
            "16-shot": 82.7126362010083
        },
        "dtd": {
            "1-shot": 36.80851063829787,
            "2-shot": 43.61702127659575,
            "4-shot": 48.351063829787236,
            "8-shot": 54.46808510638298,
            "16-shot": 57.180851063829785
        },
        "eurosat": {
            "1-shot": 54.39259259259259,
            "2-shot": 52.46666666666666,
            "4-shot": 56.08888888888889,
            "8-shot": 59.64074074074074,
            "16-shot": 70.18888888888888
        }
    }
}