{
    "total_seconds": 94.56062626838684,
    "total_minutes": 1.5760104378064475,
    "total_hours": 0.026266840630107455
}