{
    "total_seconds": 74.36434555053711,
    "total_minutes": 1.2394057591756185,
    "total_hours": 0.020656762652926975
}