{
    "total_seconds": 76.4666543006897,
    "total_minutes": 1.2744442383448282,
    "total_hours": 0.02124073730574714
}