{
    "total_seconds": 97.57045912742615,
    "total_minutes": 1.6261743187904358,
    "total_hours": 0.02710290531317393
}