{
    "zero_shot": {
        "cifar100": {
            "top1": 65.08,
            "top5": 89.2300009727478,
            "num_samples": 10000
        },
        "food101": {
            "top1": 84.0118811881188,
            "top5": 97.30297327041626,
            "num_samples": 25250
        },
        "flowers102": {
            "top1": 66.33598959180354,
            "top5": 85.57488918304443,
            "num_samples": 6149
        },
        "dtd": {
            "top1": 44.20212765957447,
            "top5": 77.07446813583374,
            "num_samples": 1880
        },
        "eurosat": {
            "top1": 46.233333333333334,
            "top5": 91.87407493591309,
            "num_samples": 27000
        }
    },
    "linear_probe": {
        "cifar100": {
            "accuracy": 72.45,
            "num_samples": 10000
        },
        "food101": {
            "accuracy": 86.0039603960396,
            "num_samples": 25250
        },
        "flowers102": {
            "accuracy": 82.74516181492926,
            "num_samples": 6149
        },
        "dtd": {
            "accuracy": 60.265957446808514,
            "num_samples": 1880
        },
        "eurosat": {
            "accuracy": 90.47777777777777,
            "num_samples": 27000
        }
    },
    "few_shot": {
        "cifar100": {
            "1-shot": 33.58,
            "2-shot": 37.11,
            "4-shot": 46.23,
            "8-shot": 51.06,
            "16-shot": 56.279999999999994
        },
        "food101": {
            "1-shot": 40.11485148514852,
            "2-shot": 49.37029702970297,
            "4-shot": 58.67722772277227,
            "8-shot": 64.07128712871287,
            "16-shot": 70.72079207920791
        },
        "flowers102": {
            "1-shot": 62.75817206049764,
            "2-shot": 68.35257765490323,
            "4-shot": 77.85005691982437,
            "8-shot": 82.17596357131241,
            "16-shot": 82.74516181492926
        },
        "dtd": {
            "1-shot": 36.91489361702128,
            "2-shot": 43.61702127659575,
            "4-shot": 48.40425531914894,
            "8-shot": 54.46808510638298,
            "16-shot": 57.180851063829785
        },
        "eurosat": {
            "1-shot": 54.33703703703704,
            "2-shot": 52.37777777777778,
            "4-shot": 56.074074074074076,
            "8-shot": 59.65925925925926,
            "16-shot": 70.12222222222222
        }
    }
}