{
    "total_seconds": 23.185097455978394,
    "total_minutes": 0.38641829093297325,
    "total_hours": 0.006440304848882887
}