{
    "total_seconds": 30.09046721458435,
    "total_minutes": 0.5015077869097392,
    "total_hours": 0.008358463115162319
}