{
    "total_seconds": 28.40547204017639,
    "total_minutes": 0.4734245340029399,
    "total_hours": 0.007890408900048997
}