{
    "total_seconds": 22.613210678100586,
    "total_minutes": 0.37688684463500977,
    "total_hours": 0.006281447410583496
}