{
    "average_ms": 38.328022956848145,
    "median_ms": 22.536873817443848,
    "std_ms": 33.509165239197365,
    "min_ms": 14.124870300292969,
    "max_ms": 184.2803955078125,
    "p95_ms": 105.23893833160399,
    "p99_ms": 171.69645786285406,
    "total_inference_time_s": 3.8328022956848145,
    "samples_measured": 100,
    "throughput_samples_per_second": 26.090570889238315
}