{
    "average_ms": 28.164727687835693,
    "median_ms": 26.285171508789062,
    "std_ms": 7.301903928373235,
    "min_ms": 14.470815658569336,
    "max_ms": 49.59416389465332,
    "p95_ms": 46.65793180465698,
    "p99_ms": 48.21926355361939,
    "total_inference_time_s": 2.8164727687835693,
    "samples_measured": 100,
    "throughput_samples_per_second": 35.505402753526305
}