{
    "average_ms": 38.14903736114502,
    "median_ms": 42.95754432678223,
    "std_ms": 11.466676985009263,
    "min_ms": 14.360904693603516,
    "max_ms": 52.0939826965332,
    "p95_ms": 50.26540756225586,
    "p99_ms": 51.567625999450684,
    "total_inference_time_s": 3.814903736114502,
    "samples_measured": 100,
    "throughput_samples_per_second": 26.21298122239134
}