{
    "average_ms": 218.77712726593018,
    "median_ms": 218.27101707458496,
    "std_ms": 4.224573303022902,
    "min_ms": 209.82813835144043,
    "max_ms": 228.5633087158203,
    "p95_ms": 226.03691816329956,
    "p99_ms": 228.30437898635864,
    "total_inference_time_s": 21.877712726593018,
    "samples_measured": 100,
    "throughput_samples_per_second": 4.5708617372257105
}